{"cameraMode":{"drawMode":0,"name":"Shaded","section":"Shading Mode"},"sceneLighting":false,"audioPlay":false,"sceneViewState":{"m_AlwaysRefresh":false,"showFog":false,"showSkybox":false,"showFlares":false,"showImageEffects":false,"showParticleSystems":false,"showVisualEffectGraphs":true,"m_FxEnabled":true},"in2DMode":false,"pivot":{"x":0.014278292655944825,"y":0.6346670389175415,"z":0.017693400382995607},"rotation":{"x":-0.08406095951795578,"y":-0.26484033465385439,"z":0.023182040080428125,"w":-0.9603434205055237},"size":1.1073049306869507,"orthographic":false}